Code,Name,Count
IE,Ireland,4233
US,United States,610
GB,United Kingdom,96
JP,Japan,57
NL,The Netherlands,53
CN,China,29
DE,Germany,26
RU,Russia,25
CA,Canada,21
TR,TÃ¼rkiye,20
IN,India,18
SG,Singapore,18
FR,France,16
HK,Hong Kong,16
NO,Norway,15
SI,Slovenia,11
AE,United Arab Emirates,10
SE,Sweden,8
SC,Seychelles,7
BR,Brazil,6
ID,Indonesia,5
MY,Malaysia,5
BG,Bulgaria,4
CH,Switzerland,4
KE,Kenya,4
PT,Portugal,4
AU,Australia,3
PL,Poland,3
RO,Romania,3
HU,Hungary,2
KR,South Korea,2
CZ,Czechia,1
ES,Spain,1
FI,Finland,1
KZ,Kazakhstan,1
MA,Morocco,1
MD,Moldova,1
PE,Peru,1
UA,Ukraine,1
